id,title,category,resource type,address,pin_code,description,phone_1,phone_2,email,state,district,city,quantity_available,price,source_link,comment,created_by,created_on,verification_status,verified_by,last_verified_on,hospital_available_normal_beds,hospital_available_oxygen_beds,hospital_available_icu_beds,hospital_available_ventilator_beds
1,EMPLOYEES STATE INSURANCE CORPORATION Peenya,hospital,,,,,,,,Karnataka,Bengaluru (Bangalore) Urban,,0,,https://bbmpgov.com/chbms/,automatically parsed from source link - BBMP website for available beds,automatic script,,,script testing,30/04/21 18:27:40,0,,0,0
2,ESI Hospital Indiranagar,hospital,,,,,,,,Karnataka,Bengaluru (Bangalore) Urban,,23,,https://bbmpgov.com/chbms/,automatically parsed from source link - BBMP website for available beds,automatic script,,,script testing,30/04/21 18:27:40,23,,0,0
3,ESIMC PGIMSR MODEL HOSPITAL,hospital,,,,,,,,Karnataka,Bengaluru (Bangalore) Urban,,0,,https://bbmpgov.com/chbms/,automatically parsed from source link - BBMP website for available beds,automatic script,,,script testing,30/04/21 18:27:40,0,,0,0
4,General Hospital Anekal,hospital,,,,,,,,Karnataka,Bengaluru (Bangalore) Urban,,17,,https://bbmpgov.com/chbms/,automatically parsed from source link - BBMP website for available beds,automatic script,,,script testing,30/04/21 18:27:40,16,,0,0
5,General Hospital Jayanagar,hospital,,,,,,,,Karnataka,Bengaluru (Bangalore) Urban,,9,,https://bbmpgov.com/chbms/,automatically parsed from source link - BBMP website for available beds,automatic script,,,script testing,30/04/21 18:27:40,9,,0,0
6,General Hospital Kr Puram,hospital,,,,,,,,Karnataka,Bengaluru (Bangalore) Urban,,12,,https://bbmpgov.com/chbms/,automatically parsed from source link - BBMP website for available beds,automatic script,,,script testing,30/04/21 18:27:40,12,,0,0
7,General Hospital Yelahanka,hospital,,,,,,,,Karnataka,Bengaluru (Bangalore) Urban,,0,,https://bbmpgov.com/chbms/,automatically parsed from source link - BBMP website for available beds,automatic script,,,script testing,30/04/21 18:27:40,0,,0,0
8,K C General Hospital,hospital,,,,,,,,Karnataka,Bengaluru (Bangalore) Urban,,0,,https://bbmpgov.com/chbms/,automatically parsed from source link - BBMP website for available beds,automatic script,,,script testing,30/04/21 18:27:40,0,,0,0
9,Sir C V Raman General Hopsital Indiranagar,hospital,,,,,,,,Karnataka,Bengaluru (Bangalore) Urban,,0,,https://bbmpgov.com/chbms/,automatically parsed from source link - BBMP website for available beds,automatic script,,,script testing,30/04/21 18:27:40,0,,0,0
10,Taluk Hospital Devanahalli,hospital,,,,,,,,Karnataka,Bengaluru (Bangalore) Urban,,0,,https://bbmpgov.com/chbms/,automatically parsed from source link - BBMP website for available beds,automatic script,,,script testing,30/04/21 18:27:40,0,,0,0
11,Taluk Hospital Hosakote,hospital,,,,,,,,Karnataka,Bengaluru (Bangalore) Urban,,6,,https://bbmpgov.com/chbms/,automatically parsed from source link - BBMP website for available beds,automatic script,,,script testing,30/04/21 18:27:40,6,,0,0
12,Taluk Hospital Nelamangala,hospital,,,,,,,,Karnataka,Bengaluru (Bangalore) Urban,,1,,https://bbmpgov.com/chbms/,automatically parsed from source link - BBMP website for available beds,automatic script,,,script testing,30/04/21 18:27:40,1,,0,0
13,Taluka Heath Center Doddaballapura,hospital,,,,,,,,Karnataka,Bengaluru (Bangalore) Urban,,0,,https://bbmpgov.com/chbms/,automatically parsed from source link - BBMP website for available beds,automatic script,,,script testing,30/04/21 18:27:40,0,,0,0
1,Bowring And Lady Curzon Hospitals,hospital,,,,,,,,Karnataka,Bengaluru (Bangalore) Urban,,0,,https://bbmpgov.com/chbms/,automatically parsed from source link - BBMP website for available beds,automatic script,,,script testing,30/04/21 18:27:40,0,,0,0
2,CHARAKA SUPER SPECIALITY HOSPITAL,hospital,,,,,,,,Karnataka,Bengaluru (Bangalore) Urban,,13,,https://bbmpgov.com/chbms/,automatically parsed from source link - BBMP website for available beds,automatic script,,,script testing,30/04/21 18:27:40,10,,0,0
3,Govt HSIS Gosha Hospital,hospital,,,,,,,,Karnataka,Bengaluru (Bangalore) Urban,,1,,https://bbmpgov.com/chbms/,automatically parsed from source link - BBMP website for available beds,automatic script,,,script testing,30/04/21 18:27:40,0,,0,0
4,Victoria Hospital,hospital,,,,,,,,Karnataka,Bengaluru (Bangalore) Urban,,20,,https://bbmpgov.com/chbms/,automatically parsed from source link - BBMP website for available beds,automatic script,,,script testing,30/04/21 18:27:40,1,,0,0
1,Aaxis Hospital,hospital,,,,,,,,Karnataka,Bengaluru (Bangalore) Urban,,13,,https://bbmpgov.com/chbms/,automatically parsed from source link - BBMP website for available beds,automatic script,,,script testing,30/04/21 18:27:40,13,,0,0
2,Abhay Vasishtha Hospital,hospital,,,,,,,,Karnataka,Bengaluru (Bangalore) Urban,,0,,https://bbmpgov.com/chbms/,automatically parsed from source link - BBMP website for available beds,automatic script,,,script testing,30/04/21 18:27:40,0,,0,0
3,ABHAYA HOSPITAL,hospital,,,,,,,,Karnataka,Bengaluru (Bangalore) Urban,,1,,https://bbmpgov.com/chbms/,automatically parsed from source link - BBMP website for available beds,automatic script,,,script testing,30/04/21 18:27:40,1,,0,0
4,Agadi Hospital,hospital,,,,,,,,Karnataka,Bengaluru (Bangalore) Urban,,1,,https://bbmpgov.com/chbms/,automatically parsed from source link - BBMP website for available beds,automatic script,,,script testing,30/04/21 18:27:40,0,,0,0
5,Ananya Hospital Pvt Ltd Rajajinagar,hospital,,,,,,,,Karnataka,Bengaluru (Bangalore) Urban,,0,,https://bbmpgov.com/chbms/,automatically parsed from source link - BBMP website for available beds,automatic script,,,script testing,30/04/21 18:27:40,0,,0,0
6,Apollo Hospitals Bannerghatta A Unit Of Imperial Hospital,hospital,,,,,,,,Karnataka,Bengaluru (Bangalore) Urban,,3,,https://bbmpgov.com/chbms/,automatically parsed from source link - BBMP website for available beds,automatic script,,,script testing,30/04/21 18:27:40,3,,0,0
7,APOLLO HOSPITALS ENTERPRISE LIMITED,hospital,,,,,,,,Karnataka,Bengaluru (Bangalore) Urban,,0,,https://bbmpgov.com/chbms/,automatically parsed from source link - BBMP website for available beds,automatic script,,,script testing,30/04/21 18:27:40,0,,0,0
8,APOLLO HOSPITALS ENTERPRISES LIMITED SHESHADRIPUR,hospital,,,,,,,,Karnataka,Bengaluru (Bangalore) Urban,,4,,https://bbmpgov.com/chbms/,automatically parsed from source link - BBMP website for available beds,automatic script,,,script testing,30/04/21 18:27:40,0,,0,0
9,Apollo Specialty Hospital Pvt Ltd,hospital,,,,,,,,Karnataka,Bengaluru (Bangalore) Urban,,0,,https://bbmpgov.com/chbms/,automatically parsed from source link - BBMP website for available beds,automatic script,,,script testing,30/04/21 18:27:40,0,,0,0
10,Apoorva Hospitals And Diagnostic Centre,hospital,,,,,,,,Karnataka,Bengaluru (Bangalore) Urban,,20,,https://bbmpgov.com/chbms/,automatically parsed from source link - BBMP website for available beds,automatic script,,,script testing,30/04/21 18:27:40,20,,0,0
11,Aster CMI Hospital,hospital,,,,,,,,Karnataka,Bengaluru (Bangalore) Urban,,2,,https://bbmpgov.com/chbms/,automatically parsed from source link - BBMP website for available beds,automatic script,,,script testing,30/04/21 18:27:40,2,,0,0
12,Aster RV Hospital,hospital,,,,,,,,Karnataka,Bengaluru (Bangalore) Urban,,0,,https://bbmpgov.com/chbms/,automatically parsed from source link - BBMP website for available beds,automatic script,,,script testing,30/04/21 18:27:40,0,,0,0
13,ASTRA SUPER SPECIALITY HOSPITAL,hospital,,,,,,,,Karnataka,Bengaluru (Bangalore) Urban,,13,,https://bbmpgov.com/chbms/,automatically parsed from source link - BBMP website for available beds,automatic script,,,script testing,30/04/21 18:27:40,13,,0,0
14,BANGALORE BAPTIST HOSPITAL,hospital,,,,,,,,Karnataka,Bengaluru (Bangalore) Urban,,0,,https://bbmpgov.com/chbms/,automatically parsed from source link - BBMP website for available beds,automatic script,,,script testing,30/04/21 18:27:40,0,,0,0
15,BANGALORE INSTITUTE OF GASTROENTEROLOGY,hospital,,,,,,,,Karnataka,Bengaluru (Bangalore) Urban,,3,,https://bbmpgov.com/chbms/,automatically parsed from source link - BBMP website for available beds,automatic script,,,script testing,30/04/21 18:27:40,3,,0,0
16,BGS GLOBAL HOSPITAL,hospital,,,,,,,,Karnataka,Bengaluru (Bangalore) Urban,,2,,https://bbmpgov.com/chbms/,automatically parsed from source link - BBMP website for available beds,automatic script,,,script testing,30/04/21 18:27:40,2,,0,0
17,Bhagwan Mahaveer Jain Hospital,hospital,,,,,,,,Karnataka,Bengaluru (Bangalore) Urban,,0,,https://bbmpgov.com/chbms/,automatically parsed from source link - BBMP website for available beds,automatic script,,,script testing,30/04/21 18:27:40,0,,0,0
18,Bhagwan Mahaveer Jain Hospital Girinagar,hospital,,,,,,,,Karnataka,Bengaluru (Bangalore) Urban,,2,,https://bbmpgov.com/chbms/,automatically parsed from source link - BBMP website for available beds,automatic script,,,script testing,30/04/21 18:27:40,1,,0,0
19,Bloosom Fertility Center And Hospital,hospital,,,,,,,,Karnataka,Bengaluru (Bangalore) Urban,,0,,https://bbmpgov.com/chbms/,automatically parsed from source link - BBMP website for available beds,automatic script,,,script testing,30/04/21 18:27:40,0,,0,0
20,BMS Hospital,hospital,,,,,,,,Karnataka,Bengaluru (Bangalore) Urban,,10,,https://bbmpgov.com/chbms/,automatically parsed from source link - BBMP website for available beds,automatic script,,,script testing,30/04/21 18:27:40,10,,0,0
21,BROOKEFIELD HOSPITAL,hospital,,,,,,,,Karnataka,Bengaluru (Bangalore) Urban,,10,,https://bbmpgov.com/chbms/,automatically parsed from source link - BBMP website for available beds,automatic script,,,script testing,30/04/21 18:27:40,10,,0,0
22,Chinmaya Mission Hospital,hospital,,,,,,,,Karnataka,Bengaluru (Bangalore) Urban,,11,,https://bbmpgov.com/chbms/,automatically parsed from source link - BBMP website for available beds,automatic script,,,script testing,30/04/21 18:27:40,11,,0,0
23,CHRIS SUPER SPECIALITY HOSPITAL,hospital,,,,,,,,Karnataka,Bengaluru (Bangalore) Urban,,0,,https://bbmpgov.com/chbms/,automatically parsed from source link - BBMP website for available beds,automatic script,,,script testing,30/04/21 18:27:40,0,,0,0
24,City Hospital,hospital,,,,,,,,Karnataka,Bengaluru (Bangalore) Urban,,5,,https://bbmpgov.com/chbms/,automatically parsed from source link - BBMP website for available beds,automatic script,,,script testing,30/04/21 18:27:40,5,,0,0
25,Columbia Asia Hospital,hospital,,,,,,,,Karnataka,Bengaluru (Bangalore) Urban,,0,,https://bbmpgov.com/chbms/,automatically parsed from source link - BBMP website for available beds,automatic script,,,script testing,30/04/21 18:27:40,0,,0,0
26,Columbia Asia Hospital Doddaballapura,hospital,,,,,,,,Karnataka,Bengaluru (Bangalore) Urban,,0,,https://bbmpgov.com/chbms/,automatically parsed from source link - BBMP website for available beds,automatic script,,,script testing,30/04/21 18:27:40,0,,0,0
27,Columbia Asia Hospital Hebbal,hospital,,,,,,,,Karnataka,Bengaluru (Bangalore) Urban,,0,,https://bbmpgov.com/chbms/,automatically parsed from source link - BBMP website for available beds,automatic script,,,script testing,30/04/21 18:27:40,0,,0,0
28,Columbia Asia Hospital White Field,hospital,,,,,,,,Karnataka,Bengaluru (Bangalore) Urban,,1,,https://bbmpgov.com/chbms/,automatically parsed from source link - BBMP website for available beds,automatic script,,,script testing,30/04/21 18:27:40,1,,0,0
29,Columbia Asia Referral Hospital Yeshwanthpur,hospital,,,,,,,,Karnataka,Bengaluru (Bangalore) Urban,,0,,https://bbmpgov.com/chbms/,automatically parsed from source link - BBMP website for available beds,automatic script,,,script testing,30/04/21 18:27:40,0,,0,0
30,Comfort Multi Speciality Hospital,hospital,,,,,,,,Karnataka,Bengaluru (Bangalore) Urban,,0,,https://bbmpgov.com/chbms/,automatically parsed from source link - BBMP website for available beds,automatic script,,,script testing,30/04/21 18:27:40,0,,0,0
31,Cura Hospital,hospital,,,,,,,,Karnataka,Bengaluru (Bangalore) Urban,,1,,https://bbmpgov.com/chbms/,automatically parsed from source link - BBMP website for available beds,automatic script,,,script testing,30/04/21 18:27:40,0,,0,0
32,Cytecare Hospital Pvt Ltd,hospital,,,,,,,,Karnataka,Bengaluru (Bangalore) Urban,,0,,https://bbmpgov.com/chbms/,automatically parsed from source link - BBMP website for available beds,automatic script,,,script testing,30/04/21 18:27:40,0,,0,0
33,Dr GVG HEALTHCARE PVT LTD,hospital,,,,,,,,Karnataka,Bengaluru (Bangalore) Urban,,0,,https://bbmpgov.com/chbms/,automatically parsed from source link - BBMP website for available beds,automatic script,,,script testing,30/04/21 18:27:40,0,,0,0
34,Dr Malathi Manipal Hospital,hospital,,,,,,,,Karnataka,Bengaluru (Bangalore) Urban,,1,,https://bbmpgov.com/chbms/,automatically parsed from source link - BBMP website for available beds,automatic script,,,script testing,30/04/21 18:27:40,1,,0,0
35,Ehaa Hospital,hospital,,,,,,,,Karnataka,Bengaluru (Bangalore) Urban,,9,,https://bbmpgov.com/chbms/,automatically parsed from source link - BBMP website for available beds,automatic script,,,script testing,30/04/21 18:27:40,9,,0,0
36,Excelcare Hospital A Unit Of Excelcare Health Alli,hospital,,,,,,,,Karnataka,Bengaluru (Bangalore) Urban,,0,,https://bbmpgov.com/chbms/,automatically parsed from source link - BBMP website for available beds,automatic script,,,script testing,30/04/21 18:27:40,0,,0,0
37,Fortis Hospital Bannerghatta,hospital,,,,,,,,Karnataka,Bengaluru (Bangalore) Urban,,1,,https://bbmpgov.com/chbms/,automatically parsed from source link - BBMP website for available beds,automatic script,,,script testing,30/04/21 18:27:40,1,,0,0
38,FORTIS HOSPITAL Nagarabhavi,hospital,,,,,,,,Karnataka,Bengaluru (Bangalore) Urban,,1,,https://bbmpgov.com/chbms/,automatically parsed from source link - BBMP website for available beds,automatic script,,,script testing,30/04/21 18:27:40,1,,0,0
39,Fortis Hospital Rajajinagar,hospital,,,,,,,,Karnataka,Bengaluru (Bangalore) Urban,,0,,https://bbmpgov.com/chbms/,automatically parsed from source link - BBMP website for available beds,automatic script,,,script testing,30/04/21 18:27:40,0,,0,0
40,FORTIS HOSPITALS,hospital,,,,,,,,Karnataka,Bengaluru (Bangalore) Urban,,2,,https://bbmpgov.com/chbms/,automatically parsed from source link - BBMP website for available beds,automatic script,,,script testing,30/04/21 18:27:40,1,,0,0
41,GANGA SPECIALTY HOSPITAL,hospital,,,,,,,,Karnataka,Bengaluru (Bangalore) Urban,,1,,https://bbmpgov.com/chbms/,automatically parsed from source link - BBMP website for available beds,automatic script,,,script testing,30/04/21 18:27:40,1,,0,0
42,Gayathri Hospitals Pvt Limited,hospital,,,,,,,,Karnataka,Bengaluru (Bangalore) Urban,,9,,https://bbmpgov.com/chbms/,automatically parsed from source link - BBMP website for available beds,automatic script,,,script testing,30/04/21 18:27:40,9,,0,0
43,Gunasheela Surgical And Maternity Hospital,hospital,,,,,,,,Karnataka,Bengaluru (Bangalore) Urban,,18,,https://bbmpgov.com/chbms/,automatically parsed from source link - BBMP website for available beds,automatic script,,,script testing,30/04/21 18:27:40,14,,0,0
44,HBS Hospital Trust,hospital,,,,,,,,Karnataka,Bengaluru (Bangalore) Urban,,19,,https://bbmpgov.com/chbms/,automatically parsed from source link - BBMP website for available beds,automatic script,,,script testing,30/04/21 18:27:40,19,,0,0
45,Healthcare Global Enterprises Ltd,hospital,,,,,,,,Karnataka,Bengaluru (Bangalore) Urban,,0,,https://bbmpgov.com/chbms/,automatically parsed from source link - BBMP website for available beds,automatic script,,,script testing,30/04/21 18:27:40,0,,0,0
46,Jeevika Hospitals Pvt Ltd,hospital,,,,,,,,Karnataka,Bengaluru (Bangalore) Urban,,10,,https://bbmpgov.com/chbms/,automatically parsed from source link - BBMP website for available beds,automatic script,,,script testing,30/04/21 18:27:40,9,,0,0
47,Kanva Sri Hospital,hospital,,,,,,,,Karnataka,Bengaluru (Bangalore) Urban,,0,,https://bbmpgov.com/chbms/,automatically parsed from source link - BBMP website for available beds,automatic script,,,script testing,30/04/21 18:27:40,0,,0,0
48,Leena Multispeciality Hospital,hospital,,,,,,,,Karnataka,Bengaluru (Bangalore) Urban,,7,,https://bbmpgov.com/chbms/,automatically parsed from source link - BBMP website for available beds,automatic script,,,script testing,30/04/21 18:27:40,7,,0,0
49,London Care Hospital,hospital,,,,,,,,Karnataka,Bengaluru (Bangalore) Urban,,0,,https://bbmpgov.com/chbms/,automatically parsed from source link - BBMP website for available beds,automatic script,,,script testing,30/04/21 18:27:40,0,,0,0
50,M S Ramaiah Narayana Heart Centre,hospital,,,,,,,,Karnataka,Bengaluru (Bangalore) Urban,,0,,https://bbmpgov.com/chbms/,automatically parsed from source link - BBMP website for available beds,automatic script,,,script testing,30/04/21 18:27:40,0,,0,0
51,M S SHEKHAR HOSPITAL,hospital,,,,,,,,Karnataka,Bengaluru (Bangalore) Urban,,3,,https://bbmpgov.com/chbms/,automatically parsed from source link - BBMP website for available beds,automatic script,,,script testing,30/04/21 18:27:40,3,,0,0
52,Madhusudana Healthcare Services Private Limited,hospital,,,,,,,,Karnataka,Bengaluru (Bangalore) Urban,,1,,https://bbmpgov.com/chbms/,automatically parsed from source link - BBMP website for available beds,automatic script,,,script testing,30/04/21 18:27:40,1,,0,0
53,Mallige Medical Centre Private Limited,hospital,,,,,,,,Karnataka,Bengaluru (Bangalore) Urban,,1,,https://bbmpgov.com/chbms/,automatically parsed from source link - BBMP website for available beds,automatic script,,,script testing,30/04/21 18:27:40,0,,0,0
54,Manipal Hospital,hospital,,,,,,,,Karnataka,Bengaluru (Bangalore) Urban,,4,,https://bbmpgov.com/chbms/,automatically parsed from source link - BBMP website for available beds,automatic script,,,script testing,30/04/21 18:27:40,4,,0,0
55,Manipal Hospitals Whitefield,hospital,,,,,,,,Karnataka,Bengaluru (Bangalore) Urban,,3,,https://bbmpgov.com/chbms/,automatically parsed from source link - BBMP website for available beds,automatic script,,,script testing,30/04/21 18:27:40,1,,0,0
56,Manipal Northside Hospital A Unit Of MHEPL,hospital,,,,,,,,Karnataka,Bengaluru (Bangalore) Urban,,3,,https://bbmpgov.com/chbms/,automatically parsed from source link - BBMP website for available beds,automatic script,,,script testing,30/04/21 18:27:40,0,,0,0
57,Manipal The Prevention Centre,hospital,,,,,,,,Karnataka,Bengaluru (Bangalore) Urban,,0,,https://bbmpgov.com/chbms/,automatically parsed from source link - BBMP website for available beds,automatic script,,,script testing,30/04/21 18:27:40,0,,0,0
58,Mar Thoma Mission Hospital,hospital,,,,,,,,Karnataka,Bengaluru (Bangalore) Urban,,13,,https://bbmpgov.com/chbms/,automatically parsed from source link - BBMP website for available beds,automatic script,,,script testing,30/04/21 18:27:40,13,,0,0
59,Mediscope Chest And Super Speciality Hospital,hospital,,,,,,,,Karnataka,Bengaluru (Bangalore) Urban,,6,,https://bbmpgov.com/chbms/,automatically parsed from source link - BBMP website for available beds,automatic script,,,script testing,30/04/21 18:27:40,6,,0,0
60,MEDSTAR SPECIALITY HOSPITAL,hospital,,,,,,,,Karnataka,Bengaluru (Bangalore) Urban,,3,,https://bbmpgov.com/chbms/,automatically parsed from source link - BBMP website for available beds,automatic script,,,script testing,30/04/21 18:27:40,3,,0,0
61,Meenakshi Hospital,hospital,,,,,,,,Karnataka,Bengaluru (Bangalore) Urban,,6,,https://bbmpgov.com/chbms/,automatically parsed from source link - BBMP website for available beds,automatic script,,,script testing,30/04/21 18:27:40,3,,0,0
62,N R R Hospital,hospital,,,,,,,,Karnataka,Bengaluru (Bangalore) Urban,,1,,https://bbmpgov.com/chbms/,automatically parsed from source link - BBMP website for available beds,automatic script,,,script testing,30/04/21 18:27:40,1,,0,0
63,Nandana Health Care Services India Private Limited,hospital,,,,,,,,Karnataka,Bengaluru (Bangalore) Urban,,0,,https://bbmpgov.com/chbms/,automatically parsed from source link - BBMP website for available beds,automatic script,,,script testing,30/04/21 18:27:40,0,,0,0
64,Narayana Hrudayalaya Private Limited,hospital,,,,,,,,Karnataka,Bengaluru (Bangalore) Urban,,8,,https://bbmpgov.com/chbms/,automatically parsed from source link - BBMP website for available beds,automatic script,,,script testing,30/04/21 18:27:40,8,,0,0
65,Navachethana Hospital A Unit Of Pan Asia Hospitals,hospital,,,,,,,,Karnataka,Bengaluru (Bangalore) Urban,,1,,https://bbmpgov.com/chbms/,automatically parsed from source link - BBMP website for available beds,automatic script,,,script testing,30/04/21 18:27:40,1,,0,0
66,New Janapriya Super Specialty Hospital,hospital,,,,,,,,Karnataka,Bengaluru (Bangalore) Urban,,9,,https://bbmpgov.com/chbms/,automatically parsed from source link - BBMP website for available beds,automatic script,,,script testing,30/04/21 18:27:40,6,,0,0
67,New Varalakshmi Hospital,hospital,,,,,,,,Karnataka,Bengaluru (Bangalore) Urban,,17,,https://bbmpgov.com/chbms/,automatically parsed from source link - BBMP website for available beds,automatic script,,,script testing,30/04/21 18:27:40,13,,2,2
68,Nu Hospitals Pvt Ltd,hospital,,,,,,,,Karnataka,Bengaluru (Bangalore) Urban,,1,,https://bbmpgov.com/chbms/,automatically parsed from source link - BBMP website for available beds,automatic script,,,script testing,30/04/21 18:27:40,0,,0,0
69,PAN Nagarbhavi Hospitals Pvt Ltd,hospital,,,,,,,,Karnataka,Bengaluru (Bangalore) Urban,,0,,https://bbmpgov.com/chbms/,automatically parsed from source link - BBMP website for available beds,automatic script,,,script testing,30/04/21 18:27:40,0,,0,0
70,People Tree Hospitals,hospital,,,,,,,,Karnataka,Bengaluru (Bangalore) Urban,,0,,https://bbmpgov.com/chbms/,automatically parsed from source link - BBMP website for available beds,automatic script,,,script testing,30/04/21 18:27:40,0,,0,0
71,PM Santosha Hospital,hospital,,,,,,,,Karnataka,Bengaluru (Bangalore) Urban,,13,,https://bbmpgov.com/chbms/,automatically parsed from source link - BBMP website for available beds,automatic script,,,script testing,30/04/21 18:27:40,13,,0,0
72,Prakriya Hospitals A Unit Of C Square Healthcare,hospital,,,,,,,,Karnataka,Bengaluru (Bangalore) Urban,,0,,https://bbmpgov.com/chbms/,automatically parsed from source link - BBMP website for available beds,automatic script,,,script testing,30/04/21 18:27:40,0,,0,0
73,Pristine Hospital And Research Centre Pvt Ltd,hospital,,,,,,,,Karnataka,Bengaluru (Bangalore) Urban,,9,,https://bbmpgov.com/chbms/,automatically parsed from source link - BBMP website for available beds,automatic script,,,script testing,30/04/21 18:27:40,8,,1,0
74,Promed Hospital,hospital,,,,,,,,Karnataka,Bengaluru (Bangalore) Urban,,0,,https://bbmpgov.com/chbms/,automatically parsed from source link - BBMP website for available beds,automatic script,,,script testing,30/04/21 18:27:40,0,,0,0
75,Pulse Hospital Kurubarahalli,hospital,,,,,,,,Karnataka,Bengaluru (Bangalore) Urban,,9,,https://bbmpgov.com/chbms/,automatically parsed from source link - BBMP website for available beds,automatic script,,,script testing,30/04/21 18:27:40,9,,0,0
76,Punya Hospitals India Pvt Ltd,hospital,,,,,,,,Karnataka,Bengaluru (Bangalore) Urban,,7,,https://bbmpgov.com/chbms/,automatically parsed from source link - BBMP website for available beds,automatic script,,,script testing,30/04/21 18:27:40,4,,0,0
77,Radhakrishna Multispeciality Hospital Ivf Center,hospital,,,,,,,,Karnataka,Bengaluru (Bangalore) Urban,,0,,https://bbmpgov.com/chbms/,automatically parsed from source link - BBMP website for available beds,automatic script,,,script testing,30/04/21 18:27:40,0,,0,0
78,Rainbow Childrens Medicare Private Limited,hospital,,,,,,,,Karnataka,Bengaluru (Bangalore) Urban,,64,,https://bbmpgov.com/chbms/,automatically parsed from source link - BBMP website for available beds,automatic script,,,script testing,30/04/21 18:27:40,0,,20,8
79,Rajmahal Vilas Hospital A Unit Of Anjan Nursing Home,hospital,,,,,,,,Karnataka,Bengaluru (Bangalore) Urban,,23,,https://bbmpgov.com/chbms/,automatically parsed from source link - BBMP website for available beds,automatic script,,,script testing,30/04/21 18:27:40,23,,0,0
80,Rajshekar Multi Speciality Hospital Pvt Ltd,hospital,,,,,,,,Karnataka,Bengaluru (Bangalore) Urban,,9,,https://bbmpgov.com/chbms/,automatically parsed from source link - BBMP website for available beds,automatic script,,,script testing,30/04/21 18:27:40,9,,0,0
81,Raksha Multispeciality Hospital,hospital,,,,,,,,Karnataka,Bengaluru (Bangalore) Urban,,4,,https://bbmpgov.com/chbms/,automatically parsed from source link - BBMP website for available beds,automatic script,,,script testing,30/04/21 18:27:40,4,,0,0
82,Ramaiah Harsha Hospital,hospital,,,,,,,,Karnataka,Bengaluru (Bangalore) Urban,,11,,https://bbmpgov.com/chbms/,automatically parsed from source link - BBMP website for available beds,automatic script,,,script testing,30/04/21 18:27:40,11,,0,0
83,Ramakrishna Hospital Unit III,hospital,,,,,,,,Karnataka,Bengaluru (Bangalore) Urban,,16,,https://bbmpgov.com/chbms/,automatically parsed from source link - BBMP website for available beds,automatic script,,,script testing,30/04/21 18:27:40,13,,0,3
84,Rangadore Hospital,hospital,,,,,,,,Karnataka,Bengaluru (Bangalore) Urban,,0,,https://bbmpgov.com/chbms/,automatically parsed from source link - BBMP website for available beds,automatic script,,,script testing,30/04/21 18:27:40,0,,0,0
85,REPUBLIC HOSPITAL,hospital,,,,,,,,Karnataka,Bengaluru (Bangalore) Urban,,19,,https://bbmpgov.com/chbms/,automatically parsed from source link - BBMP website for available beds,automatic script,,,script testing,30/04/21 18:27:40,8,,0,0
86,Sagar Hospitals,hospital,,,,,,,,Karnataka,Bengaluru (Bangalore) Urban,,31,,https://bbmpgov.com/chbms/,automatically parsed from source link - BBMP website for available beds,automatic script,,,script testing,30/04/21 18:27:40,31,,0,0
87,Sakra Hospital,hospital,,,,,,,,Karnataka,Bengaluru (Bangalore) Urban,,2,,https://bbmpgov.com/chbms/,automatically parsed from source link - BBMP website for available beds,automatic script,,,script testing,30/04/21 18:27:40,1,,0,0
88,Sanjeevini Hospital,hospital,,,,,,,,Karnataka,Bengaluru (Bangalore) Urban,,1,,https://bbmpgov.com/chbms/,automatically parsed from source link - BBMP website for available beds,automatic script,,,script testing,30/04/21 18:27:40,1,,0,0
89,Santosh Hospital,hospital,,,,,,,,Karnataka,Bengaluru (Bangalore) Urban,,6,,https://bbmpgov.com/chbms/,automatically parsed from source link - BBMP website for available beds,automatic script,,,script testing,30/04/21 18:27:40,6,,0,0
90,Saralaya Hospitals Pvt Ltd,hospital,,,,,,,,Karnataka,Bengaluru (Bangalore) Urban,,0,,https://bbmpgov.com/chbms/,automatically parsed from source link - BBMP website for available beds,automatic script,,,script testing,30/04/21 18:27:40,0,,0,0
91,Sathya Sai Orthopadic And Multispeciality Hospital,hospital,,,,,,,,Karnataka,Bengaluru (Bangalore) Urban,,8,,https://bbmpgov.com/chbms/,automatically parsed from source link - BBMP website for available beds,automatic script,,,script testing,30/04/21 18:27:40,8,,0,0
92,Sevakshetra Hospital,hospital,,,,,,,,Karnataka,Bengaluru (Bangalore) Urban,,11,,https://bbmpgov.com/chbms/,automatically parsed from source link - BBMP website for available beds,automatic script,,,script testing,30/04/21 18:27:40,11,,0,0
93,Shankar Super Speciality Hospital,hospital,,,,,,,,Karnataka,Bengaluru (Bangalore) Urban,,10,,https://bbmpgov.com/chbms/,automatically parsed from source link - BBMP website for available beds,automatic script,,,script testing,30/04/21 18:27:40,0,,0,2
94,SHETTYS HOSPITAL,hospital,,,,,,,,Karnataka,Bengaluru (Bangalore) Urban,,0,,https://bbmpgov.com/chbms/,automatically parsed from source link - BBMP website for available beds,automatic script,,,script testing,30/04/21 18:27:40,0,,0,0
95,SHIFAA HOSPITAL,hospital,,,,,,,,Karnataka,Bengaluru (Bangalore) Urban,,15,,https://bbmpgov.com/chbms/,automatically parsed from source link - BBMP website for available beds,automatic script,,,script testing,30/04/21 18:27:40,14,,0,0
96,Shushrusha Hospital Yelahanka,hospital,,,,,,,,Karnataka,Bengaluru (Bangalore) Urban,,1,,https://bbmpgov.com/chbms/,automatically parsed from source link - BBMP website for available beds,automatic script,,,script testing,30/04/21 18:27:40,0,,1,0
97,SI Vega Hospital Private Limited Regal Hospital,hospital,,,,,,,,Karnataka,Bengaluru (Bangalore) Urban,,6,,https://bbmpgov.com/chbms/,automatically parsed from source link - BBMP website for available beds,automatic script,,,script testing,30/04/21 18:27:40,4,,0,0
98,Sparsh Hospital For Advanced Surgeries,hospital,,,,,,,,Karnataka,Bengaluru (Bangalore) Urban,,0,,https://bbmpgov.com/chbms/,automatically parsed from source link - BBMP website for available beds,automatic script,,,script testing,30/04/21 18:27:40,0,,0,0
99,Specialist Health System Pvt Limited,hospital,,,,,,,,Karnataka,Bengaluru (Bangalore) Urban,,1,,https://bbmpgov.com/chbms/,automatically parsed from source link - BBMP website for available beds,automatic script,,,script testing,30/04/21 18:27:40,0,,0,0
100,Sree Lakshmi Hospital,hospital,,,,,,,,Karnataka,Bengaluru (Bangalore) Urban,,0,,https://bbmpgov.com/chbms/,automatically parsed from source link - BBMP website for available beds,automatic script,,,script testing,30/04/21 18:27:40,0,,0,0
101,Sree Lakshmi Multi Speciality Hospital,hospital,,,,,,,,Karnataka,Bengaluru (Bangalore) Urban,,15,,https://bbmpgov.com/chbms/,automatically parsed from source link - BBMP website for available beds,automatic script,,,script testing,30/04/21 18:27:40,10,,1,1
102,Sree Sai Prasad Multispeciality Hospital,hospital,,,,,,,,Karnataka,Bengaluru (Bangalore) Urban,,5,,https://bbmpgov.com/chbms/,automatically parsed from source link - BBMP website for available beds,automatic script,,,script testing,30/04/21 18:27:40,4,,0,0
103,SREE SAIPRASAD MULTISPECIALITY HOSPITAL,hospital,,,,,,,,Karnataka,Bengaluru (Bangalore) Urban,,1,,https://bbmpgov.com/chbms/,automatically parsed from source link - BBMP website for available beds,automatic script,,,script testing,30/04/21 18:27:40,1,,0,0
104,Sreenivasa Hospital,hospital,,,,,,,,Karnataka,Bengaluru (Bangalore) Urban,,7,,https://bbmpgov.com/chbms/,automatically parsed from source link - BBMP website for available beds,automatic script,,,script testing,30/04/21 18:27:40,6,,0,0
105,Sri Ashwini Hospital,hospital,,,,,,,,Karnataka,Bengaluru (Bangalore) Urban,,10,,https://bbmpgov.com/chbms/,automatically parsed from source link - BBMP website for available beds,automatic script,,,script testing,30/04/21 18:27:40,5,,2,0
106,Sri Lakshmi Multi Specialty Hospital,hospital,,,,,,,,Karnataka,Bengaluru (Bangalore) Urban,,10,,https://bbmpgov.com/chbms/,automatically parsed from source link - BBMP website for available beds,automatic script,,,script testing,30/04/21 18:27:40,10,,0,0
107,Sri Lakshmi Super Speciality Hospital,hospital,,,,,,,,Karnataka,Bengaluru (Bangalore) Urban,,0,,https://bbmpgov.com/chbms/,automatically parsed from source link - BBMP website for available beds,automatic script,,,script testing,30/04/21 18:27:40,0,,0,0
108,Sri Sai Hospitals,hospital,,,,,,,,Karnataka,Bengaluru (Bangalore) Urban,,0,,https://bbmpgov.com/chbms/,automatically parsed from source link - BBMP website for available beds,automatic script,,,script testing,30/04/21 18:27:40,0,,0,0
109,Sri Sai Ram Hospital,hospital,,,,,,,,Karnataka,Bengaluru (Bangalore) Urban,,0,,https://bbmpgov.com/chbms/,automatically parsed from source link - BBMP website for available beds,automatic script,,,script testing,30/04/21 18:27:40,0,,0,0
110,Srinivasa Hospital,hospital,,,,,,,,Karnataka,Bengaluru (Bangalore) Urban,,0,,https://bbmpgov.com/chbms/,automatically parsed from source link - BBMP website for available beds,automatic script,,,script testing,30/04/21 18:27:40,0,,0,0
111,Srinivasam Cancer Care Multi Speciality Hospital,hospital,,,,,,,,Karnataka,Bengaluru (Bangalore) Urban,,0,,https://bbmpgov.com/chbms/,automatically parsed from source link - BBMP website for available beds,automatic script,,,script testing,30/04/21 18:27:40,0,,0,0
112,SSNMC Super Specialty Hospital,hospital,,,,,,,,Karnataka,Bengaluru (Bangalore) Urban,,2,,https://bbmpgov.com/chbms/,automatically parsed from source link - BBMP website for available beds,automatic script,,,script testing,30/04/21 18:27:40,2,,0,0
113,ST MARTHAS Hospital,hospital,,,,,,,,Karnataka,Bengaluru (Bangalore) Urban,,6,,https://bbmpgov.com/chbms/,automatically parsed from source link - BBMP website for available beds,automatic script,,,script testing,30/04/21 18:27:40,2,,0,0
114,St Philomenas Hospital,hospital,,,,,,,,Karnataka,Bengaluru (Bangalore) Urban,,4,,https://bbmpgov.com/chbms/,automatically parsed from source link - BBMP website for available beds,automatic script,,,script testing,30/04/21 18:27:40,4,,0,0
115,ST THERESAS HOSPITAL,hospital,,,,,,,,Karnataka,Bengaluru (Bangalore) Urban,,15,,https://bbmpgov.com/chbms/,automatically parsed from source link - BBMP website for available beds,automatic script,,,script testing,30/04/21 18:27:40,15,,0,0
116,Suguna Hospital Bangalore,hospital,,,,,,,,Karnataka,Bengaluru (Bangalore) Urban,,0,,https://bbmpgov.com/chbms/,automatically parsed from source link - BBMP website for available beds,automatic script,,,script testing,30/04/21 18:27:40,0,,0,0
117,Swasa Hospital,hospital,,,,,,,,Karnataka,Bengaluru (Bangalore) Urban,,0,,https://bbmpgov.com/chbms/,automatically parsed from source link - BBMP website for available beds,automatic script,,,script testing,30/04/21 18:27:40,0,,0,0
118,The Bangalore Hospital,hospital,,,,,,,,Karnataka,Bengaluru (Bangalore) Urban,,3,,https://bbmpgov.com/chbms/,automatically parsed from source link - BBMP website for available beds,automatic script,,,script testing,30/04/21 18:27:40,0,,0,0
119,Trinity Hospital And Heart Foundation,hospital,,,,,,,,Karnataka,Bengaluru (Bangalore) Urban,,5,,https://bbmpgov.com/chbms/,automatically parsed from source link - BBMP website for available beds,automatic script,,,script testing,30/04/21 18:27:40,5,,0,0
120,TRUSTWELL HOSPITALS PRIVATE LIMITED,hospital,,,,,,,,Karnataka,Bengaluru (Bangalore) Urban,,0,,https://bbmpgov.com/chbms/,automatically parsed from source link - BBMP website for available beds,automatic script,,,script testing,30/04/21 18:27:40,0,,0,0
121,V CARE MEDISCON HOSPITAL,hospital,,,,,,,,Karnataka,Bengaluru (Bangalore) Urban,,4,,https://bbmpgov.com/chbms/,automatically parsed from source link - BBMP website for available beds,automatic script,,,script testing,30/04/21 18:27:40,4,,0,0
122,Vagus Super Speciality Hospital,hospital,,,,,,,,Karnataka,Bengaluru (Bangalore) Urban,,7,,https://bbmpgov.com/chbms/,automatically parsed from source link - BBMP website for available beds,automatic script,,,script testing,30/04/21 18:27:40,0,,3,2
123,Varthur Silicon City Hospital Pvt Ltd LLP,hospital,,,,,,,,Karnataka,Bengaluru (Bangalore) Urban,,0,,https://bbmpgov.com/chbms/,automatically parsed from source link - BBMP website for available beds,automatic script,,,script testing,30/04/21 18:27:40,0,,0,0
124,Vasavi Hospital,hospital,,,,,,,,Karnataka,Bengaluru (Bangalore) Urban,,1,,https://bbmpgov.com/chbms/,automatically parsed from source link - BBMP website for available beds,automatic script,,,script testing,30/04/21 18:27:40,1,,0,0
125,Vijayanagar Hospital,hospital,,,,,,,,Karnataka,Bengaluru (Bangalore) Urban,,15,,https://bbmpgov.com/chbms/,automatically parsed from source link - BBMP website for available beds,automatic script,,,script testing,30/04/21 18:27:40,15,,0,0
126,Vikram Hospital Bengaluru Private Limited,hospital,,,,,,,,Karnataka,Bengaluru (Bangalore) Urban,,2,,https://bbmpgov.com/chbms/,automatically parsed from source link - BBMP website for available beds,automatic script,,,script testing,30/04/21 18:27:40,2,,0,0
127,Vimalalaya Hospital A Unit Of Vimalalaya Hospital,hospital,,,,,,,,Karnataka,Bengaluru (Bangalore) Urban,,1,,https://bbmpgov.com/chbms/,automatically parsed from source link - BBMP website for available beds,automatic script,,,script testing,30/04/21 18:27:40,1,,0,0
128,Vinayaka Hospital,hospital,,,,,,,,Karnataka,Bengaluru (Bangalore) Urban,,0,,https://bbmpgov.com/chbms/,automatically parsed from source link - BBMP website for available beds,automatic script,,,script testing,30/04/21 18:27:40,0,,0,0
129,Yashomati Hospitals,hospital,,,,,,,,Karnataka,Bengaluru (Bangalore) Urban,,2,,https://bbmpgov.com/chbms/,automatically parsed from source link - BBMP website for available beds,automatic script,,,script testing,30/04/21 18:27:40,2,,0,0
1,Akash Hospital,hospital,,,,,,,,Karnataka,Bengaluru (Bangalore) Urban,,69,,https://bbmpgov.com/chbms/,automatically parsed from source link - BBMP website for available beds,automatic script,,,script testing,30/04/21 18:27:40,67,,0,0
2,BGS Global Institute Of Medical Science And Hospital,hospital,,,,,,,,Karnataka,Bengaluru (Bangalore) Urban,,43,,https://bbmpgov.com/chbms/,automatically parsed from source link - BBMP website for available beds,automatic script,,,script testing,30/04/21 18:27:40,42,,0,0
3,Dr B R Ambedkar Medical College,hospital,,,,,,,,Karnataka,Bengaluru (Bangalore) Urban,,108,,https://bbmpgov.com/chbms/,automatically parsed from source link - BBMP website for available beds,automatic script,,,script testing,30/04/21 18:27:40,107,,0,0
4,East Point Hospital,hospital,,,,,,,,Karnataka,Bengaluru (Bangalore) Urban,,141,,https://bbmpgov.com/chbms/,automatically parsed from source link - BBMP website for available beds,automatic script,,,script testing,30/04/21 18:27:40,140,,1,0
5,KIMS Hospital And Research Center,hospital,,,,,,,,Karnataka,Bengaluru (Bangalore) Urban,,19,,https://bbmpgov.com/chbms/,automatically parsed from source link - BBMP website for available beds,automatic script,,,script testing,30/04/21 18:27:40,18,,0,0
6,M S Ramaiah Hospital,hospital,,,,,,,,Karnataka,Bengaluru (Bangalore) Urban,,54,,https://bbmpgov.com/chbms/,automatically parsed from source link - BBMP website for available beds,automatic script,,,script testing,30/04/21 18:27:40,30,,0,0
7,MVJ Medical College And Research Hospital,hospital,,,,,,,,Karnataka,Bengaluru (Bangalore) Urban,,77,,https://bbmpgov.com/chbms/,automatically parsed from source link - BBMP website for available beds,automatic script,,,script testing,30/04/21 18:27:40,77,,0,0
8,Rajarajeswari Medicalcollege And Hospital,hospital,,,,,,,,Karnataka,Bengaluru (Bangalore) Urban,,179,,https://bbmpgov.com/chbms/,automatically parsed from source link - BBMP website for available beds,automatic script,,,script testing,30/04/21 18:27:40,179,,0,0
9,Sapthagiri Super Speciality Hospital,hospital,,,,,,,,Karnataka,Bengaluru (Bangalore) Urban,,228,,https://bbmpgov.com/chbms/,automatically parsed from source link - BBMP website for available beds,automatic script,,,script testing,30/04/21 18:27:40,226,,1,0
10,St Johns Medical College Hospital,hospital,,,,,,,,Karnataka,Bengaluru (Bangalore) Urban,,70,,https://bbmpgov.com/chbms/,automatically parsed from source link - BBMP website for available beds,automatic script,,,script testing,30/04/21 18:27:40,64,,0,0
11,The Oxford Medical College Hospital And Research Center,hospital,,,,,,,,Karnataka,Bengaluru (Bangalore) Urban,,127,,https://bbmpgov.com/chbms/,automatically parsed from source link - BBMP website for available beds,automatic script,,,script testing,30/04/21 18:27:40,127,,0,0
12,Vydehi Hospital,hospital,,,,,,,,Karnataka,Bengaluru (Bangalore) Urban,,191,,https://bbmpgov.com/chbms/,automatically parsed from source link - BBMP website for available beds,automatic script,,,script testing,30/04/21 18:27:40,190,,0,0
